[
  {
    "label": "Facebook",
    "shortcut": "CommandOrControl+4",
    "url": "https://www.facebook.com",
    "partition": "facebook",
    "host": "www.facebook.com",
    "hosts": [".facebook.com", ".fbcdn.net"],
    "stateful": true
  },
  {
    "label": "GMail",
    "shortcut": "CommandOrControl+5",
    "url": "https://www.google.com/gmail",
    "partition": "gmail",
    "host": "www.google.com",
    "hosts": [
      ".gmail.com",
      ".google.ca",
      ".google.com",
      ".gstatic.com",
      ".googleusercontent.com",
      ".ggpht.com"
    ],
    "stateful": true
  },
  {
    "label": "Google",
    "shortcut": "CommandOrControl+6",
    "url": "http://duckduckgo.com",
    "partition": "duckduckgo",
    "host": "duckduckgo.com",
    "hosts": [".duckduckgo.com"]
  },
  {
    "label": "Linked In",
    "shortcut": "CommandOrControl+8",
    "url": "https://www.linkedin.com",
    "partition": "linkedin",
    "host": "www.linkedin.com",
    "hosts": [".linkedin.com", ".licdn.com", ".slidesharecdn.com"],
    "stateful": true
  },
  {
    "label": "Twitter",
    "shortcut": "CommandOrControl+9",
    "url": "https://twitter.com",
    "partition": "twitter",
    "host": "twitter.com",
    "hosts": [".twitter.com", ".twimg.com"],
    "stateful": true
  },
  {
    "label": "You Tube",
    "url": "https://www.youtube.com",
    "partition": "youtube",
    "host": "www.youtube.com",
    "hosts": [".googlevideo.com", ".youtube.com", ".gstatic.com", ".ytimg.com"]
  }
]
